SQL> 
SQL> --1
SQL> COLUMN recordedby FORMAT a15
SQL> COLUMN name FORMAT a13
SQL> COLUMN working_length FORMAT a14
SQL> COLUMN working_title FORMAT a19
SQL> 
SQL> SELECT *
  2  FROM MasterTrack mt
  3  JOIN SoundEngineer se ON se.sound_eng_ID = mt.editedBy;

  TRACK_ID WORKING_TITLE       WORKING_LENGTH RECORDEDBY        EDITEDBY SOUND_ENG_ID NAME          
---------- ------------------- -------------- --------------- ---------- ------------ ------------- 
       103 Hello               3 mins         Goldfrat                 1            1 Max Spring    
       104 Me                  3 mins 10 secs Goldfrat                 1            1 Max Spring    
       105 You                 3 mins 40 secs Goldfrat                 1            1 Max Spring    
       106 Them                2 mins         Goldfrat                 2            2 Jay Verbal    
       107 Us                  50 secs        Goldfrat                 1            1 Max Spring    
       108 How                 7 mins         Goldfrat                 4            4 Brix Musta    
       109 Be                  8 mins         Goldfrat                 1            1 Max Spring    
       110 Peace               4 mins         Goldfrat                 1            1 Max Spring    
       111 Smile               2 mins         Goldfrat                 1            1 Max Spring    
       203 Wow                 3 mins         Flut                     3            3 Carole Hart   
       204 Whizzy              3 mins 15 secs Flut                     3            3 Carole Hart   
       205 Who Are You?        3 mins 30 secs Flut                     3            3 Carole Hart   
       206 Place and Time      5 mins         Flut                     4            4 Brix Musta    
       207 Milko               58 secs        Flut                     1            1 Max Spring    
       208 Mad                 1 min          Flut                     2            2 Jay Verbal    
       209 Bling               59 secs        Flut                     3            3 Carole Hart   
       210 J                   2 mins 10 secs Flut                     1            1 Max Spring    
       211 Jan                 100 secs       Flut                     1            1 Max Spring    
       301 Power               2 mins         Jay Blancard             3            3 Carole Hart   
       302 What is your name?  4 mins 15 secs Jay Blancard             3            3 Carole Hart   
       303 Mix                 3 mins 12 secs Jay Blancard             3            3 Carole Hart   
       304 Manic               2 mins         Jay Blancard             2            2 Jay Verbal    
       305 Streets             30 secs        Jay Blancard             2            2 Jay Verbal    
       306 Road                1 min 40 secs  Jay Blancard             5            5 Karen Croft   
       307 Forest              60 secs        Jay Blancard             5            5 Karen Croft   
       308 Deep                2 mins 40 secs Jay Blancard             5            5 Karen Croft   
       309 Danger              110 secs       Jay Blancard             5            5 Karen Croft   

27 rows selected.

SQL> 
SQL> --2
SQL> COLUMN artistic_name FORMAT a16
SQL> COLUMN real_name FORMAT a19
SQL> 
SQL> SELECT sa.*
  2  FROM SoloArtist sa
  3  JOIN MemberOf mo ON mo.solo_artistic_name = sa.artistic_name
  4  WHERE mo.group_artistic_name = 'Goldfrat';

ARTISTIC_NAME    DATE_FIRS REAL_NAME                                                                
---------------- --------- -------------------                                                      
Simon Palm       09-JAN-04 Fred Maynard                                                             
John Cliff       12-DEC-05 John Cliff                                                               
Jay Blancard     09-JUN-03 Mervin James                                                             

SQL> 
SQL> --3
SQL> COLUMN telephone FORMAT a16
SQL> COLUMN name FORMAT a20
SQL> 
SQL> SELECT mp.telephone, m.name
  2  FROM ManPhone mp
  3  LEFT OUTER JOIN Manager m ON m.manager_ID = mp.manager_ID;

TELEPHONE        NAME                                                                               
---------------- --------------------                                                               
07865058978      Freddy Glitter                                                                     
01612750987      Freddy Glitter                                                                     
07789039894      Perry Soft                                                                         
01615679876      Perry Soft                                                                         
07837287492      Axel Management Inc                                                                
01623728473      Axel Management Inc                                                                
01789403940      New Talent Corp Inc                                                                
09495849869      Manchester Events                                                                  
01616374847      Manchester Events                                                                  
01563828248      Manchester Events                                                                  

10 rows selected.

SQL> 
SQL> --4
SQL> SELECT count(1) as Total_Tracks
  2  FROM MasterTrack;

TOTAL_TRACKS                                                                                        
------------                                                                                        
          27                                                                                        

SQL> 
SQL> --5
SQL> SELECT a.*
  2  FROM Artist a
  3  JOIN MemberOf mo ON mo.solo_artistic_name = a.artistic_name
  4  WHERE mo.group_artistic_name IN ('Goldfrat','Scandal');

ARTISTIC_NAME    GENRE                 MANAGEDBY                                                    
---------------- -------------------- ----------                                                    
Simon Palm       RB                            1                                                    
Simon Palm       RB                            1                                                    
John Cliff       CW                            3                                                    
Jay Blancard     Soul                          3                                                    
Palmer John      Indie                         4                                                    
JZ               Techno                        4                                                    

6 rows selected.

SQL> 
SQL> --6
SQL> SELECT a.*
  2  FROM Artist a
  3  JOIN MemberOf mog ON mog.solo_artistic_name = a.artistic_name
  4  JOIN MemberOf mos ON mos.solo_artistic_name = a.artistic_name
  5  WHERE mog.group_artistic_name = 'Goldfrat'
  6  AND mos.group_artistic_name = 'Scandal';

ARTISTIC_NAME    GENRE                 MANAGEDBY                                                    
---------------- -------------------- ----------                                                    
Simon Palm       RB                            1                                                    

SQL> 
SQL> SPOOL OFF
